{
  "qa_count": 3,
  "top_k": 5,
  "retrieval": {
    "hit_at_1": 0.6666666666666666,
    "hit_at_3": 1.0,
    "hit_at_5": 1.0,
    "mrr": 0.8333333333333334
  },
  "llm_model": null,
  "elapsed_seconds": 0.231
}
